"id_groups";"sort_groups";"name_groups";"belong_groups";"visibility";"meta_noindex"
"1";"10";"Курительные трубки - мастера и студии";"0";"1";"0"
"2";"300";"BBB (Англия)";"724";"1";"0"
"4";"590";"GBD (Англия)";"724";"0";"0"
"5";"430";"COMOY`S (Англия)";"724";"1";"0"
"6";"20";"Табаки трубочные";"0";"1";"0"
"7";"1200";"ТРУБКИ ЧЕМПИОНАТОВ";"724";"1";"0"
"8";"180";"Курительные трубки BBB SILVER MOUNTED 9 mm";"2";"0";"0"
"9";"30";"Аксессуары для курительных трубок";"0";"1";"0"
"10";"20";"ПОДСТАВКИ И ШКАФЫ ДЛЯ КУРИТЕЛЬНЫХ ТРУБОК";"9";"1";"0"
"11";"30";"ПЕПЕЛЬНИЦЫ";"9";"1";"0"
"12";"40";"ПРИСПОСОБЛЕНИЯ И СРЕДСТВА ПО УХОДУ И ЗАЩИТЕ";"9";"1";"0"
"13";"500";"Dr. PLUMB`S (Англия)";"724";"0";"0"
"14";"220";"Курительные трубки BBB TORTOISE 9 mm";"2";"0";"0"
"15";"150";"Курительные трубки BBB NEPTUNE 9 мм";"2";"0";"0"
"21";"750";"LORENZETTI (Италия)";"724";"1";"0"
"22";"190";"Курительные трубки LORENZETTI LIBERTA 9mm";"21";"1";"0"
"23";"180";"Курительные трубки LORENZETTI Hand Cut EXTRA 9mm";"21";"0";"0"
"24";"10";"Курительные трубки LORENZETTI 70 ANNIVERSARY 9mm";"21";"1";"0"
"25";"170";"Курительные трубки LORENZETTI Hand Cut EXTRA";"21";"0";"0"
"27";"30";"DAN TOBACCO";"6";"0";"0"
"28";"97";"VON EICKEN";"6";"1";"0"
"29";"100";"ALTINAY MEERSCHAUM (Турция)";"724";"1";"0"
"30";"50";"Курительные трубки ALTINAY MEERSCHAUM Topkapi 2000";"29";"0";"0"
"31";"10";"Курительные трубки ALTINAY MEERSCHAUM Pumpkin 6000";"29";"0";"0"
"753";"90";"ANNE JULIE (Дания)";"1";"1";"0"
"33";"240";"Курительные трубки BBB TWO STAR SPECIAL";"2";"0";"0"
"34";"230";"Курительные трубки BBB TURNBERRY SILVER MOUNTED";"2";"0";"0"
"35";"120";"Курительные трубки BBB MAJESTIC";"2";"0";"0"
"36";"90";"Курительные трубки BBB FILTER DE LUXE";"2";"0";"0"
"38";"300";"Курительные трубки BBB VICTORIAN";"2";"0";"0"
"39";"170";"Курительные трубки BBB SILVER MOUNTED";"2";"0";"0"
"40";"130";"Курительные трубки BBB MINERVA";"2";"0";"0"
"41";"250";"Курительные трубки BBB TWO THOUSAND";"2";"0";"0"
"43";"157";"Курительные трубки BBB SЕLECT";"2";"0";"0"
"44";"155";"Курительные трубки BBB SAVOY";"2";"0";"0"
"46";"100";"Курительные трубки BBB LIGHTWEIGHT";"2";"0";"0"
"1058";"0";"ПРОБНИКИ SAMUEL GAWITH";"396";"1";"0"
"48";"210";"Курительные трубки BBB TORTOISE";"2";"0";"0"
"51";"80";"Курительные трубки BBB FIESTA";"2";"0";"0"
"49";"160";"Курительные трубки BBB SILVER GRAIN";"2";"0";"0"
"50";"190";"Курительные трубки BBB SPIGOT DE LUXE";"2";"0";"0"
"52";"200";"Курительные трубки BBB SUNRISE";"2";"0";"0"
"53";"70";"Курительные трубки BBB FACET";"2";"0";"0"
"54";"60";"Курительные трубки BBB COLLECTOR";"2";"0";"0"
"56";"205";"Курительные трубки BBB THREE STAR";"2";"0";"0"
"55";"140";"Курительные трубки BBB NEPTUNE";"2";"0";"0"
"58";"50";"Курительные трубки BBB CHURCHWARDEN";"2";"0";"0"
"59";"110";"Курительные трубки BBB LIGHTWEIGHT carved";"2";"0";"0"
"60";"63";"PETERSON";"6";"1";"0"
"61";"70";"Курительные трубки ALTINAY MEERSCHAUM Портретные трубки";"29";"0";"0"
"62";"60";"Курительные трубки ALTINAY MEERSCHAUM Животные";"29";"0";"0"
"64";"60";"ЕРШИ";"9";"1";"0"
"65";"10";"СУМКИ И КИСЕТЫ";"9";"1";"0"
"66";"80";"Оптовые поставки";"0";"0";"0"
"67";"60";"Курительные трубки LORENZETTI BLACK MAT silver ring 9mm";"21";"1";"0"
"68";"200";"Курительные трубки LORENZETTI NATURAL silver ring with meerschaum 9mm";"21";"1";"0"
"69";"140";"Курительные трубки LORENZETTI ECONOM with meerschaum";"21";"1";"0"
"70";"150";"Курительные трубки LORENZETTI ECONOM with meerschaum 9mm";"21";"1";"0"
"71";"20";"Курительные трубки LORENZETTI ARTESANA 9mm";"21";"1";"0"
"72";"30";"Курительные трубки LORENZETTI ARTESANA SILVER RING 9mm";"21";"1";"0"
"73";"70";"Курительные трубки LORENZETTI BLACK MAT silver ring with meerschaum 9mm";"21";"1";"0"
"74";"40";"Курительные трубки LORENZETTI BLACK silver ring 9mm";"21";"1";"0"
"75";"50";"Курительные трубки LORENZETTI BLACK silver ring with meerschaum 9mm";"21";"1";"0"
"77";"110";"Курительные трубки LORENZETTI DARK BROWN silver ring with meerschaum 9mm";"21";"1";"0"
"76";"100";"Курительные трубки LORENZETTI DARK BROWN silver ring 9mm";"21";"1";"0"
"78";"80";"Курительные трубки LORENZETTI DARK BLUE silver ring 9mm";"21";"1";"0"
"79";"90";"Курительные трубки LORENZETTI DARK BLUE silver ring with meerschaum 9mm";"21";"1";"0"
"80";"120";"Курительные трубки LORENZETTI DARK GREEN silver ring 9mm";"21";"1";"0"
"81";"130";"Курительные трубки LORENZETTI DARK GREEN silver ring with meerschaum 9mm";"21";"1";"0"
"82";"160";"Курительные трубки LORENZETTI FEMINA";"21";"1";"0"
"194";"2";"ALSBO";"6";"1";"0"
"90";"40";"Кальяны";"0";"0";"0"
"92";"60";"АКСЕССУАРЫ ДЛЯ КАЛЬЯНА";"90";"0";"0"
"94";"3";"EL-BAZ";"99";"0";"0"
"96";"2";"AL RAQI";"99";"0";"0"
"97";"0";"AL-FAKHER";"99";"0";"0"
"728";"15";"Курительные трубки LORENZETTI 75 ANNIVERSARY 9mm";"21";"1";"0"
"99";"50";"ТАБАКИ КАЛЬЯННЫЕ";"90";"0";"0"
"101";"420";"CLAY PIPES НИКИТА РОТАНОВ (Россия)";"724";"0";"0"
"102";"35";"Сигары";"0";"1";"0"
"103";"1000";"ДОМИНИКАНСКАЯ РЕСПУБЛИКА";"102";"0";"0"
"104";"1000";"НИКАРАГУА";"102";"0";"0"
"105";"1000";"ЭКВАДОР";"102";"0";"0"
"108";"10";"Сигары QUEVEDO";"105";"0";"0"
"106";"0";"GRAND HOTEL EUROPE";"103";"0";"0"
"107";"0";"Сигары LA RICA";"104";"0";"0"
"109";"20";"Сигары SOLEMNE";"105";"0";"0"
"110";"50";"ТАМПЕРЫ И ТРУБОЧНЫЕ НОЖИ";"9";"1";"0"
"111";"70";"Мундштуки для сигарет";"0";"1";"0"
"115";"4";"EL BASHA";"99";"0";"0"
"114";"8";"NAKHLA";"99";"0";"0"
"113";"1";"AL DANAH";"99";"0";"0"
"116";"6";"HAVANA";"99";"0";"0"
"117";"20";"ЛИВАН";"90";"0";"0"
"118";"30";"СИРИЯ";"90";"0";"0"
"277";"77";"Раритеты";"0";"1";"0"
"119";"7";"MERSI";"99";"0";"0"
"120";"5";"GHNTOOT";"99";"0";"0"
"121";"9";"ПРОЧИЕ";"99";"0";"0"
"163";"1060";"VAUEN (Германия)";"724";"0";"0"
"170";"710";"KAYWOODIE (Англия)";"724";"0";"0"
"175";"730";"LOEWE (Англия)";"724";"0";"0"
"193";"55";"Курительные трубки ALTINAY MEERSCHAUM Various Pipes";"29";"0";"0"
"192";"40";"Курительные трубки ALTINAY MEERSCHAUM SPIGOT & top silver ring  9mm";"29";"0";"0"
"191";"30";"Курительные трубки ALTINAY MEERSCHAUM SPIGOT 9mm";"29";"0";"0"
"195";"100";"W. O. LARSEN";"6";"1";"0"
"196";"51";"MAC BAREN";"6";"1";"0"
"278";"96";"VAUEN";"6";"0";"0"
"279";"150";"BENNER (Дания)";"1";"0";"0"
"265";"80";"STANISLAW";"6";"1";"0"
"200";"75";"Курительные трубки LORENZETTI CAPITOL";"21";"1";"0"
"201";"165";"Курительные трубки LORENZETTI FELICITA 9mm";"21";"1";"0"
"202";"210";"Курительные трубки LORENZETTI OPERA 9mm";"21";"1";"0"
"203";"220";"Курительные трубки LORENZETTI RAINBOW";"21";"1";"0"
"269";"60";"ORLIK";"6";"0";"0"
"205";"97";"Курительные трубки LORENZETTI DARK BROWN 9mm";"21";"1";"0"
"206";"192";"Курительные трубки LORENZETTI MINI RUSTIC";"21";"1";"0"
"204";"95";"Курительные трубки LORENZETTI DARK BROWN";"21";"1";"0"
"208";"195";"Курительные трубки LORENZETTI NATURAL 9mm";"21";"1";"0"
"207";"193";"Курительные трубки LORENZETTI MINI SMOOTH";"21";"1";"0"
"210";"198";"Курительные трубки LORENZETTI NATURAL silver ring 9mm";"21";"1";"0"
"211";"230";"Курительные трубки LORENZETTI RUSTIC BLACK";"21";"0";"0"
"212";"235";"Курительные трубки LORENZETTI RUSTIC BLACK 9mm";"21";"0";"0"
"213";"240";"Курительные трубки LORENZETTI RUSTIC LUXE 9mm";"21";"1";"0"
"215";"259";"Курительные трубки LORENZETTI RUSTIC silver ring 9mm";"21";"1";"0"
"216";"260";"Курительные трубки LORENZETTI RUSTIC silver ring with meerschaum 9mm";"21";"1";"0"
"219";"135";"Курительные трубки LORENZETTI ECONOM";"21";"1";"0"
"218";"255";"Курительные трубки LORENZETTI RUSTIC LUXE with meerschaum 9mm";"21";"1";"0"
"220";"137";"Курительные трубки LORENZETTI ECONOM 9mm";"21";"1";"0"
"221";"70";"ФИЛЬТРЫ ДЛЯ КУРИТЕЛЬНЫХ ТРУБОК";"9";"1";"0"
"222";"370";"BPK (Чехия)";"724";"1";"0"
"223";"0";"Курительные трубки BPK &quot;ШЕСТЬ ПЛАНЕТ&quot;";"222";"1";"0"
"228";"240";"FORMER (Дания)";"1";"1";"0"
"229";"510";"S. BANG (Дания)";"1";"1";"0"
"231";"870";"PETERSON (Ирландия)";"724";"1";"0"
"232";"960";"SAVINELLI (Италия)";"724";"0";"0"
"233";"420";"NORDING (Дания)";"1";"0";"0"
"234";"990";"STANWELL (Дания)";"724";"0";"0"
"236";"810";"MURRAY FRAME & LOVE (Англия)";"724";"0";"0"
"241";"940";"SASIENI (Англия)";"724";"0";"0"
"248";"32";"Материалы для изготовления трубок";"0";"1";"0"
"280";"36";"ERINMORE";"6";"0";"0"
"268";"0";"НОВИНКИ";"0";"1";"0"
"270";"16";"BORKUM RIFF";"6";"1";"0"
"271";"78";"SKANDINAVIK";"6";"1";"0"
"272";"75";"Сувениры";"0";"1";"0"
"273";"61";"PAUL OLSEN";"6";"0";"0"
"274";"85";"STANWELL";"6";"1";"0"
"275";"18";"BREBBIA";"6";"0";"0"
"276";"73";"SAVINELLI";"6";"1";"0"
"281";"73";"Книги";"0";"1";"0"
"283";"200";"DON CARLOS (Италия)";"1";"1";"0"
"284";"490";"RINALDO (Италия)";"1";"1";"0"
"285";"600";"VIPRATI, LUIGI (Италия)";"1";"1";"0"
"286";"64";"PLANTA";"6";"1";"0"
"288";"37";"Зажигалки";"0";"1";"0"
"289";"20";"PRINCE";"288";"1";"0"
"290";"1";"Зажигалки PRINCE трубочные";"289";"0";"0"
"291";"2";"Зажигалки PRINCE сигарные";"289";"0";"0"
"292";"3";"Зажигалки PRINCE сигаретные";"289";"0";"0"
"293";"210";"ELTANG, TOM (Дания)";"1";"1";"0"
"295";"560";"EWA (Франция)";"724";"1";"0"
"296";"150";"AMADEUS (Греция)";"724";"0";"0"
"502";"560";"TOKUTOMI, HIROYUKI (Япония)";"1";"0";"0"
"999";"334";"KLEIN, SCOTT (США)";"1";"1";"0"
"998";"250";"HERITAGE 1492";"102";"1";"0"
"478";"60";"Мундштуки для сигар";"0";"0";"0"
"336";"270";"Курительные трубки LORENZETTI SPIGOT";"21";"1";"0"
"343";"5";"Курительные трубки ALTINAY MEERSCHAUM PORSCHE DESIGN";"29";"0";"0"
"724";"15";"Серийные курительные трубки";"0";"1";"0"
"341";"95";"Курительные трубки BBB FREESTYLE";"2";"0";"0"
"349";"45";"Курительные трубки ALTINAY MEERSCHAUM SPIGOT & top silver ring";"29";"0";"0"
"348";"35";"Курительные трубки ALTINAY MEERSCHAUM SPIGOT";"29";"0";"0"
"406";"970";"SILLEM`S (Германия)";"724";"1";"0"
"353";"0";"Керамика, фарфор";"10";"1";"0"
"354";"0";"Дерево";"10";"1";"0"
"357";"0";"Уголь для кальяна";"92";"0";"0"
"358";"0";"Шланги";"92";"0";"0"
"356";"40";"ФИНИКС";"90";"0";"0"
"359";"0";"Уплотнители";"92";"0";"0"
"360";"0";"Чашки";"92";"0";"0"
"361";"0";"Мундштуки";"92";"0";"0"
"362";"0";"Пинцеты";"92";"0";"0"
"494";"29";"DANSKE CLUB";"6";"0";"0"
"363";"0";"Прочие";"10";"1";"0"
"364";"153";"Курительные трубки LORENZETTI ECONOM SANDBLAST BLACK";"21";"1";"0"
"365";"151";"Курительные трубки LORENZETTI ECONOM RUSTIC";"21";"1";"0"
"366";"152";"Курительные трубки LORENZETTI ECONOM RUSTIC 9mm";"21";"1";"0"
"367";"155";"Курительные трубки LORENZETTI ECONOM SANDBLAST BLACK 9mm";"21";"1";"0"
"368";"154";"Курительные трубки LORENZETTI ECONOM SANDBLAST BROWN";"21";"1";"0"
"369";"156";"Курительные трубки LORENZETTI ECONOM SANDBLAST BROWN 9mm";"21";"1";"0"
"370";"10";"КИТАЙ";"90";"0";"0"
"371";"0";"WATER PIPES";"90";"0";"0"
"532";"72";"Кофе";"0";"1";"0"
"372";"39";"GAWITH HOGGARTH & Co";"6";"1";"0"
"373";"21";"CAPTAIN BLACK";"6";"1";"0"
"374";"470";"REFBJERG (Дания)";"1";"1";"0"
"380";"0";"A & C PETERSEN";"6";"1";"0"
"381";"600";"GBP (Англия)";"724";"1";"0"
"382";"70";"Курительные трубки GBP Thames Red Series silver ring 925 9mm/adapter";"381";"1";"0"
"383";"40";"Курительные трубки GBP Thames Brown/orange silver ring 925 9mm/adapter";"381";"1";"0"
"384";"60";"Курительные трубки GBP Thames Natural Series silver ring 925 9mm/adapter";"381";"1";"0"
"385";"50";"Курительные трубки GBP Thames Half rustic Series silver ring 925 9mm/adapter";"381";"1";"0"
"386";"80";"Курительные трубки GBP Thames Satinated rustic Series silver ring 925 9mm/adapter";"381";"1";"0"
"387";"90";"Курительные трубки GBP Thames Special rustic Series silver ring 925 9mm/adapter";"381";"1";"0"
"388";"100";"Курительные трубки GBP Trent Brown Series";"381";"1";"0"
"389";"110";"Курительные трубки GBP Trent Satinated rustic Series";"381";"1";"0"
"390";"130";"Курительные трубки GBP Tyne Light brown Series 9mm/adapter";"381";"1";"0"
"391";"140";"Курительные трубки GBP Tyne Red Series 9mm/adapter";"381";"1";"0"
"392";"120";"Курительные трубки GBP Tyne Brown sandblast Series 9mm/adapter";"381";"1";"0"
"393";"30";"Курительные трубки GBP Kent Red Series silver ring 925 9mm/adapter";"381";"1";"0"
"394";"20";"Курительные трубки GBP Kent Light brown Series silver ring 925 9mm/adapter";"381";"1";"0"
"395";"10";"Курительные трубки GBP Kent Black mat Series silver ring 925 9mm/adapter";"381";"1";"0"
"405";"22";"CASTLE COLLECTION";"6";"1";"0"
"407";"30";"SILLEM`S";"288";"1";"0"
"396";"72";"SAMUEL GAWITH";"6";"1";"0"
"397";"510";"DUNHILL (Англия)";"724";"1";"0"
"544";"40";"GERMAIN`S";"6";"1";"0"
"398";"31";"DAVIDOFF";"6";"0";"0"
"399";"24";"CLAN";"6";"1";"0"
"400";"28";"CORSAIR";"6";"1";"0"
"401";"1";"ALOIS POSCHL";"6";"0";"0"
"402";"55";"Mc LINTOCK";"6";"1";"0"
"403";"44";"HOLGER DANSKE";"6";"1";"0"
"404";"110";"Газ, бензин, кремни, чехлы";"288";"1";"0"
"413";"120";"Спички";"288";"1";"0"
"411";"5";"Курительные трубки GBP HANDMADE 9mm/adapter";"381";"0";"0"
"412";"0";"Курительные трубки GBP Chelsea Brown sandblast Series 9mm/adapter";"381";"1";"0"
"566";"280";"IDSKOV (Дания)";"1";"0";"0"
"417";"0";"Пепельницы фуршетные";"11";"1";"0"
"982";"60";"FORMER & GRECHUKHIN 7-DAY SET 2014";"919";"0";"0"
"420";"70";"ЯШТЫЛОВ ВИКТОР (Санкт-Петербург)";"1";"1";"0"
"421";"34";"Сигариллы";"0";"0";"0"
"422";"150";"ПОГАР";"6";"1";"0"
"423";"30";"BACKWOODS";"421";"0";"0"
"424";"50";"DANNEMANN";"421";"0";"0"
"425";"60";"HENRI WINTERMANS";"421";"0";"0"
"426";"40";"CAPTAIN BLACK";"421";"0";"0"
"427";"100";"NEOS";"421";"0";"0"
"428";"110";"PANTER";"421";"0";"0"
"429";"140";"VILLIGER";"421";"0";"0"
"430";"10";"AGIO";"421";"0";"0"
"431";"80";"KING EDWARD";"421";"0";"0"
"432";"55";"HANDELSGOLD";"421";"0";"0"
"433";"90";"MIDDLETON`S";"421";"0";"0"
"434";"70";"JEWELS";"421";"0";"0"
"435";"120";"SANTA DAMIANA";"421";"0";"0"
"436";"130";"STANISLAW";"421";"0";"0"
"437";"20";"AL CAPONE";"421";"0";"0"
"439";"85";"MEHARI`S";"421";"0";"0"
"438";"1";"ПАПИРОСЫ";"421";"0";"0"
"440";"100";"ZIPPO";"288";"1";"0"
"441";"40";"SPUNK";"288";"0";"0"
"442";"11";"NIBO";"288";"0";"0"
"443";"50";"TIMES PIONEER";"288";"0";"0"
"444";"60";"TORCH (Китай)";"288";"0";"0"
"539";"590";"VESZ, JULIUS (Канада)";"1";"0";"0"
"495";"45";"HOLLAND HOUSE";"6";"0";"0"
"451";"9";"JOBON";"288";"0";"0"
"452";"74";"SER JACOPO";"6";"0";"0"
"453";"10";"Бриар, морта, олива";"248";"1";"0"
"454";"30";"Мундштуки для трубок";"248";"1";"0"
"455";"10";"Мундштуки для трубок &quot;Стандарт&quot;";"454";"1";"0"
"456";"20";"Мундштуки для трубок &quot;Стандарт&quot; 9 мм";"454";"1";"0"
"457";"30";"Мундштуки для трубок &quot;De Luxe&quot;";"454";"1";"0"
"458";"40";"Мундштуки для трубок &quot;De Luxe&quot; 9 мм";"454";"1";"0"
"459";"50";"Мундштуки для трубок &quot;Rainbow&quot;";"454";"1";"0"
"460";"60";"Мундштуки для трубок &quot;Spigot silver 925&quot;";"454";"1";"0"
"461";"20";"АЙЛАРОВ СЕРГЕЙ (Россия)";"1";"1";"0"
"466";"105";"РАЗНЫЕ";"288";"1";"0"
"463";"5";"Курительные трубки BENNER RUSTIC/SANDBLAST";"279";"0";"0"
"464";"10";"Курительные трубки BENNER SMOOTH";"279";"0";"0"
"465";"0";"Курительные трубки BENNER BAMBOO";"279";"0";"0"
"467";"50";"КИСЕЛЁВ ВАЛЕНТИН (СССР)";"1";"0";"0"
"468";"8";"Сигареты";"421";"0";"0"
"523";"250";"Курительные трубки LORENZETTI RUSTIC LUXE with meerschaum";"21";"1";"0"
"479";"180";"CASTELLO (Италия)";"1";"1";"0"
"484";"410";"NIELSEN, KAI (Дания)";"1";"1";"0"
"480";"240";"ASHTON (Англия)";"724";"1";"0"
"481";"120";"BALLEBY, KURT (Дания)";"1";"1";"0"
"512";"610";"GIGI (Италия)";"724";"0";"0"
"482";"80";"ANDERSEN, SOREN ERIC (Дания)";"1";"1";"0"
"483";"270";"HEESCHEN, PETER (Дания)";"1";"1";"0"
"485";"400";"NIELSEN, JORGEN (Дания)";"1";"0";"0"
"486";"530";"SKOVGAARD, LASSE (Дания)";"1";"1";"0"
"487";"33";"Самокрутки";"0";"1";"0"
"488";"0";"Табаки сигаретные";"487";"1";"0"
"489";"10";"Бумага для самокруток";"487";"1";"0"
"490";"20";"Гильзы для сигарет";"487";"1";"0"
"491";"30";"Машинки самокруточные";"487";"1";"0"
"492";"40";"Машинки набивочные";"487";"1";"0"
"493";"50";"Фильтры для самокруток";"487";"1";"0"
"496";"230";"FERNDOWN (Англия)";"1";"0";"0"
"497";"32";"DESIGN BERLIN";"6";"0";"0"
"498";"4";"Курительные трубки GBP Chelsea Satinated rustic Series silver ring 925 9mm/adapter";"381";"1";"0"
"499";"2";"Курительные трубки GBP Chelsea Natural Series silver ring 925 9mm/adapter";"381";"1";"0"
"500";"3";"Курительные трубки GBP Chelsea Red dark Series silver ring 925 9mm/adapter";"381";"1";"0"
"509";"140";"А. Г. РУТЕНБЕРГЪ";"6";"1";"0"
"510";"36";"Аксессуары для сигар";"0";"1";"0"
"511";"380";"MUHARREM YILMAZ MEERSCHAUM (Турция)";"1";"0";"0"
"516";"80";"ЧЕХЛЫ ДЛЯ ФИЛЬТРОВ";"9";"1";"0"
"524";"194";"Курительные трубки LORENZETTI NATURAL";"21";"1";"0"
"525";"239";"Курительные трубки LORENZETTI RUSTIC LUXE";"21";"1";"0"
"526";"191";"Курительные трубки LORENZETTI LIGHT BROWN silver ring 9mm";"21";"1";"0"
"527";"280";"Курительные трубки LORENZETTI TOP RING";"21";"1";"0"
"528";"112";"Курительные трубки LORENZETTI DARK BROWN with meerschaum";"21";"1";"0"
"529";"113";"Курительные трубки LORENZETTI DARK BROWN with meerschaum 9mm";"21";"1";"0"
"530";"202";"Курительные трубки LORENZETTI NATURAL with meerschaum";"21";"1";"0"
"531";"204";"Курительные трубки LORENZETTI NATURAL with meerschaum 9mm";"21";"1";"0"
"533";"0";"СВЕЖЕОБЖАРЕННЫЙ КОФЕ ЭСПРЕССО-СМЕСИ";"532";"1";"0"
"534";"0";"СВЕЖЕОБЖАРЕННЫЙ КОФЕ МОНОСОРТА";"532";"0";"0"
"535";"320";"KARL ERIK (Дания)";"1";"0";"0"
"536";"550";"TAO (Дания)";"1";"1";"0"
"537";"350";"MANDUELA (Дания)";"1";"1";"0"
"538";"260";"HEDING, PETER (Дания)";"1";"1";"0"
"541";"480";"RICHARD, TOM (Германия)";"1";"1";"0"
"540";"500";"ROLANDO NEGOITA (США)";"1";"1";"0"
"542";"460";"RADICE (Италия)";"1";"1";"0"
"567";"390";"NIELSEN, ERIK (Дания)";"1";"1";"0"
"570";"3";"Курительные трубки BENNER OLIVE";"279";"0";"0"
"571";"330";"KITAHARA, ICHI (Япония)";"1";"1";"0"
"582";"140";"BECKER (Италия)";"1";"0";"0"
"583";"370";"MATZHOLD, PETER (Австрия)";"1";"1";"0"
"584";"30";"ГРЕЧУХИН ВЛАДИМИР (Санкт-Петербург)";"1";"1";"0"
"585";"220";"ERCK, LEE VON (США)";"1";"1";"0"
"587";"0";"ВЛАДИМИР ГРЕЧУХИН (Санкт-Петербург) АРХИВ";"584";"0";"0"
"588";"0";"СЕРГЕЙ ДЁМИН (Санкт-Петербург) АРХИВ";"727";"0";"0"
"589";"580";"TSUGE IKEBANA (Япония)";"1";"1";"0"
"593";"60";"REDMONT";"488";"1";"0"
"590";"0";"PIPECLUB.INFO 2008";"1";"0";"0"
"594";"90";"VON EICKEN";"488";"1";"0"
"595";"50";"PLANTA";"488";"1";"0"
"596";"40";"ORLIK";"488";"1";"0"
"597";"30";"MAC BAREN";"488";"1";"0"
"598";"80";"STANISLAW";"488";"1";"0"
"599";"10";"DOMINGO";"488";"1";"0"
"600";"20";"IMPERIAL TOBACCO";"488";"1";"0"
"601";"70";"SAMSON";"488";"1";"0"
"602";"5";"ПОГАР";"488";"1";"0"
"604";"790";"MISSOURI MEERSCHAUM (США)";"724";"1";"0"
"603";"5";"ПОГАР";"421";"0";"0"
"607";"0";"BLACK DEVIL";"488";"1";"0"
"606";"570";"TOKUTOMI, YUKI (Япония)";"1";"0";"0"
"608";"100";"Тамперы VAUEN";"110";"1";"0"
"609";"50";"Тамперы TSUGE";"110";"1";"0"
"614";"1";"Курительные трубки ALTINAY MEERSCHAUM Carved pipes";"29";"0";"0"
"610";"10";"Трубочные ножи RODGERS OF SHEFFIELD";"110";"1";"0"
"611";"5";"Тамперы NORDING";"110";"1";"0"
"612";"540";"SMIO SATOU (Япония)";"1";"1";"0"
"613";"150";"Тамперы ZapZap tampers";"110";"1";"0"
"634";"68";"PRESBYTERIAN";"6";"0";"0"
"615";"70";"ROBERT McCONNELL";"6";"1";"0"
"616";"69";"RATTRAY`S";"6";"1";"0"
"629";"10";"ASHTON";"6";"1";"0"
"630";"47";"ILSTEDS";"6";"1";"0"
"631";"290";"J. ALAN (США)";"1";"1";"0"
"632";"100";"Мундштуки для сигарет GRECH";"584";"0";"0"
"633";"610";"VOLLMER & NILSSON (Швеция)";"1";"1";"0"
"635";"930";"SARA ELTANG (Дания)";"724";"1";"0"
"636";"51";"КЛТ &quot;В КОНТАКТЕ&quot;";"1";"0";"0"
"637";"37";"FRIBOURG & TREYER";"6";"1";"0"
"638";"48";"KARL ERIK";"6";"0";"0"
"639";"390";"BREBBIA (Италия)";"724";"1";"0"
"642";"100";"Курительные трубки BREBBIA PRIMA PIPE SET";"639";"1";"0"
"654";"100";"SARA ELTANG SMOOTH";"635";"1";"0"
"653";"0";"КУБА";"421";"0";"0"
"652";"0";"КУБА";"102";"1";"0"
"655";"50";"SARA ELTANG BLAST";"635";"1";"0"
"657";"10";"PS STUDIO (Санкт-Петербург)";"1";"1";"0"
"663";"0";"MAC BAREN";"99";"0";"0"
"662";"0";"AL GANGA";"99";"0";"0"
"976";"92";"THREE NUNS";"6";"0";"0"
"974";"100";"ASTERIOU, CHRIS (Греция)";"1";"1";"0"
"975";"70";"GRECHUKHIN INTERNATIONAL ZAPZAP TAMPERS SET 2014";"919";"0";"0"
"685";"310";"JOHNSON, TODD (США)";"1";"1";"0"
"686";"3";"Трубочные и сигарные ножи  LAGUIOLE";"110";"1";"0"
"689";"605";"GENOD (Франция)";"724";"1";"0"
"688";"0";"PS STUDIO (Санкт-Петербург) АРХИВ";"657";"0";"0"
"690";"26";"CORNELL & DIEHL";"6";"1";"0"
"691";"38";"G. L. PEASE";"6";"1";"0"
"692";"180";"ANTIQUE PIPES (Франция)";"724";"1";"0"
"709";"200";"Тамперы С. ДЁМИН";"110";"0";"0"
"710";"6";"IM CORONA";"288";"1";"0"
"715";"0";"Тамперы BREBBIA";"110";"1";"0"
"716";"0";"BREBBIA";"288";"0";"0"
"718";"12";"PASSATORE";"288";"0";"0"
"719";"8";"JEAN CLAUDE";"288";"0";"0"
"720";"35";"SKY";"288";"0";"0"
"721";"0";"БАНКИ ДЛЯ ТАБАКА";"9";"1";"0"
"723";"5";"НАБОРЫ ДЛЯ НАЧИНАЮЩИХ";"0";"1";"0"
"725";"31";"Аксессуары SILLEM`S";"0";"1";"0"
"726";"0";"Зажигалки SILLEM`S";"725";"1";"0"
"727";"40";"ДЁМИН СЕРГЕЙ (Санкт-Петербург)";"1";"1";"0"
"729";"0";"НОВЫЕ ПОСТУПЛЕНИЯ";"1";"0";"0"
"730";"58";"NAT SHERMAN";"6";"0";"0"
"731";"75";"SILLEM`S";"6";"1";"0"
"732";"0";"Тамперы SILLEM`S";"725";"1";"0"
"733";"0";"Сумки для трубок и кисеты для табака SILLEM`S";"725";"1";"0"
"734";"0";"Банки для табака и табакерки SILLEM`S";"725";"0";"0"
"735";"0";"Подставки для трубок SILLEM`S";"725";"1";"0"
"736";"110";"WESSEX";"6";"1";"0"
"737";"42";"JESS CHONOWITSCH";"6";"0";"0"
"738";"130";"BARBI, RAINER (Германия)";"1";"0";"0"
"739";"630";"WALLENSTEIN (Германия)";"1";"1";"0"
"741";"25";"Тамперы SILLEM`S";"110";"1";"0"
"742";"0";"SILLEM`S";"10";"1";"0"
"743";"17";"PIERRE CARDIN";"288";"0";"0"
"744";"4";"COLIBRI";"288";"1";"0"
"745";"0";"Пепельницы SILLEM`S";"725";"1";"0"
"746";"0";"Пепельницы металлические";"11";"1";"0"
"747";"0";"Пепельницы фарфоровые и керамические";"11";"1";"0"
"748";"0";"Пепельницы деревянные";"11";"1";"0"
"749";"1010";"TSUGE KISERU (Япония)";"724";"1";"0"
"750";"1000";"TSUGE (Япония)";"724";"1";"0"
"751";"0";"Курительные трубки ALTINAY MEERSCHAUM BAVARIAN";"29";"0";"0"
"752";"21";"Курительные трубки ALTINAY MEERSCHAUM SMALL PIPES";"29";"0";"0"
"754";"17";"ESTATE PIPES";"0";"1";"0"
"755";"190";"CAVICCHI, CLAUDIO (Италия)";"1";"1";"0"
"756";"98";"VORONTSOFF";"6";"1";"0"
"757";"440";"POSELLA, VITALIANO (Италия)";"1";"1";"0"
"758";"86";"STEVENSON";"6";"1";"0"
"762";"760";"LUCIANO (Италия)";"724";"1";"0"
"767";"650";"WINSLOW, POUL (Дания)";"1";"1";"0"
"768";"49";"KOHLHASE & KOPP";"6";"1";"0"
"770";"300";"JEPPESEN, PEDER / NEERUP (Дания)";"1";"1";"0"
"771";"430";"POHLMANN, BRAD (США)";"1";"1";"0"
"772";"20";"SMOKIN` HOLSTERS";"65";"1";"0"
"773";"10";"SILLEM`S";"65";"1";"0"
"774";"60";"ХАРЛАМОВ АЛЕКСЕЙ (Россия)";"1";"1";"0"
"775";"450";"PRAMMER, JOSEF (Австрия)";"1";"1";"0"
"776";"0";"РЕЗЕРВ";"0";"0";"0"
"777";"0";"NIELSEN, ERIK (Дания) АРХИВ";"567";"1";"0"
"778";"0";"NIELSEN, ERIK (Дания) АРХИВ ПРОДАНО";"567";"1";"0"
"779";"0";"АРХИВ";"542";"0";"0"
"781";"0";"Поправки";"584";"0";"0"
"921";"0";"АРХИВ GOTOH";"792";"0";"0"
"783";"120";"WINSLOW";"6";"1";"0"
"784";"71";"ROTARY";"6";"0";"0"
"785";"0";"SALE";"584";"0";"0"
"787";"5";"G 60 ANNIVERSARY PS STUDIO (Санкт-Петербург)";"1";"0";"0"
"786";"18";"PORSCHE DESIGN";"288";"1";"0"
"788";"71";"ПОРТСИГАРЫ И ФУТЛЯРЫ ДЛЯ СИГАРЕТ";"0";"1";"0"
"791";"620";"W. O. LARSEN (Дания)";"1";"0";"0"
"792";"245";"GOTOH, KEI`ICHI (Япония)";"1";"1";"0"
"793";"0";"PS STUDIO ШОУ";"657";"0";"0"
"804";"285";"ILSTED, POUL (Дания)";"1";"1";"0"
"796";"235";"FLOROV, ALEXEY (США)";"1";"1";"0"
"797";"195";"DAVIS, RAD (США)";"1";"1";"0"
"798";"415";"NIELSEN, TONNI (США/Дания)";"1";"1";"0"
"799";"193";"COOKE, J. T. (США)";"1";"0";"0"
"800";"0";"Заготовки акриловые для мундштуков";"454";"1";"0"
"801";"900";"RATTRAY`S";"724";"1";"0"
"802";"25";"SAROME";"288";"0";"0"
"803";"25";"COLTS";"6";"0";"0"
"805";"345";"LE NUVOLE (Италия)";"1";"1";"0"
"808";"32";"SILVER MATCH";"288";"0";"0"
"809";"0";"ВЛАДИМИР ГРЕЧУХИН (Санкт-Петербург) АРХИВ 2";"584";"0";"0"
"810";"342";"L`ANATRA (Италия)";"1";"1";"0"
"811";"15";"BLACK & ELEGANT";"6";"0";"0"
"812";"995";"TAO & ILSTED (Дания)";"724";"0";"0"
"813";"242";"GEIGER PIPES (Швеция)";"1";"1";"0"
"819";"205";"ELGRECH (Дания)";"1";"0";"0"
"824";"580";"FORMER & ELTANG (Дания)";"724";"0";"0"
"825";"565";"H. TOKUTOMI - ГРЕЧУХИН (Япония - Россия)";"1";"0";"0"
"823";"0";"АРХИВ BECKER, PAOLO (Италия)";"582";"0";"0"
"846";"94";"TWO FRIENDS";"6";"1";"0"
"922";"10";"ПОГАР";"102";"0";"0"
"844";"56";"McCLELLAND";"6";"0";"0"
"843";"0";"Архив ESTATE PIPES";"754";"0";"0"
"849";"23";"CHIEFTAIN`S";"6";"0";"0"
"856";"505";"ROMEO (Италия)";"1";"1";"0"
"854";"920";"SAILOR PIPE (Дания)";"724";"0";"0"
"858";"7";"IMCO";"288";"1";"0"
"983";"80";"GRECHUKHIN & ZAPZAP";"919";"0";"0"
"860";"475";"REIS, JOAO (Дания)";"1";"1";"0"
"861";"417";"NIELSEN, VIGGO (Дания)";"1";"0";"0"
"862";"555";"TARP, KARSTEN (Дания)";"1";"1";"0"
"863";"247";"HANGAARD, SVEND (Дания)";"1";"0";"0"
"874";"287";"IVARSSON, NANNA (Дания)";"1";"1";"0"
"873";"65";"ШЕКИТА КОНСТАНТИН (Украина)";"1";"1";"0"
"872";"5";"EUROJET";"288";"1";"0"
"871";"315";"JORGENSEN, BENNI (Дания)";"1";"1";"0"
"870";"0";"АРХИВ JEPPESEN, PEDER (Дания)";"770";"0";"0"
"875";"347";"LOBNIK, GREGOR (Словения)";"1";"1";"0"
"895";"0";"АРХИВ";"535";"0";"0"
"896";"0";"АРХИВ";"755";"0";"0"
"897";"0";"АРХИВ";"283";"0";"0"
"898";"0";"АРХИВ";"589";"0";"0"
"899";"0";"АРХИВ";"536";"1";"0"
"900";"557";"THILO, REINER (Германия)";"1";"1";"0"
"906";"0";"СПЕЦИАЛЬНОЕ ПРЕДЛОЖЕНИЕ ESTATE PIPES";"754";"0";"0"
"910";"33";"DUNHILL";"6";"0";"0"
"911";"0";"Шкафы трубочные";"10";"0";"0"
"912";"0";"Сигарные аксессуары SILLEM`S";"725";"1";"0"
"913";"346";"LEOPOLD (Дания)";"1";"0";"0"
"914";"100";"CHARATAN HOUSE OF EDGEWORTH";"102";"1";"0"
"915";"200";"DUNHILL";"102";"1";"0"
"916";"0";"РЕЗЕРВ";"613";"0";"0"
"917";"525";"SER JACOPO (Италия)";"1";"1";"0"
"919";"33";"GRECHUKHIN INTERNATIONAL PROJECT";"1";"0";"0"
"920";"375";"MORITZ, JURGEN (Германия)";"1";"1";"0"
"923";"27";"CORSAR (от Погара)";"6";"0";"0"
"924";"0";"GRECHUKHIN FOR DEALERS";"584";"0";"0"
"925";"0";"ВЛАДИМИР ГРЕЧУХИН ВЕЧЕРНЯ`12";"584";"0";"0"
"926";"2";"PIPECLUB.INFO - PIPECLUB.NET";"1";"0";"0"
"927";"800";"MORGAN PIPES";"724";"0";"0"
"929";"3";"PIPECLUB.INFO - PIPECLUB.NET ФИЛЬТР";"926";"0";"0"
"930";"2";"PIPECLUB.INFO - PIPECLUB.NET БЕЗ ФИЛЬТРА";"926";"0";"0"
"934";"425";"NOVAK, MICHAL (Чехия)";"1";"0";"0"
"933";"335";"KLOUCEK, JAN (Чехия)";"1";"0";"0"
"932";"241";"GABRIELE DAL FIUME (Италия)";"1";"1";"0"
"931";"0";"CLAUDIO ALBIERI";"65";"1";"0"
"935";"59";"ТУПИЦЫН АЛЕКСАНДР (Санкт-Петербург)";"1";"1";"0"
"947";"90";"THE BRISTOL (ПОГАР)";"6";"1";"0"
"937";"67";"ЩЕРБАК АРТЕМ (Украина)";"1";"0";"0"
"938";"100";"GRECHUKHIN INTERNATIONAL 8 PIPES SET 2012";"919";"0";"0"
"939";"385";"MUMMERT, WERNER (Германия)";"1";"1";"0"
"940";"295";"JACONO, TONINO (Италия)";"1";"1";"0"
"941";"45";"КАМЕНСКИЙ СТАНИСЛАВ (Россия)";"1";"0";"0"
"942";"2";"Тамперы GLOTOV";"110";"1";"0"
"946";"0";"PS STUDIO FOR DEALERS";"657";"0";"0"
"948";"91";"THE ROYAL PIPE CLUB (ПОГАР)";"6";"1";"0"
"949";"333";"KLEIN, PETER (Дания)";"1";"1";"0"
"950";"53";"MACKINTOSH (ПОГАР)";"6";"1";"0"
"951";"15";"Тамперы RATTRAY`S";"110";"1";"0"
"952";"337";"KNETS, MAIGURS (США)";"1";"0";"0"
"953";"338";"KNUDSEN, TEDDY (Дания)";"1";"1";"0"
"954";"465";"RASMUSSEN, KENT (Дания)";"1";"1";"0"
"955";"283";"IL DUCA (Италия)";"1";"1";"0"
"956";"62";"PETERSEN & S&#216;RENSEN";"6";"1";"0"
"957";"175";"CAMINETTO (Италия)";"1";"1";"0"
"958";"16";"PETERSON";"288";"1";"0"
"959";"993";"STRAMBACH (Австрия)";"724";"0";"0"
"960";"90";"ElGrech`13 7-DAY SET";"919";"0";"0"
"962";"0";"TOM ELTANG CALABASH SET 2013";"293";"0";"0"
"963";"55";"RED BULL";"488";"1";"0"
"964";"15";"PEARL";"288";"1";"0"
"965";"0";"Ватсон";"584";"0";"0"
"966";"20";"CAPSTAN";"6";"1";"0"
"967";"280";"TOSCANO";"102";"1";"0"
"968";"53";"КОВАЛЁВ РОМАН DOCTOR`S PIPES (Санкт-Петербург)";"1";"1";"0"
"969";"1070";"W. O. LARSEN (Дания)";"724";"0";"0"
"970";"477";"REMINGTON, ADAM (США)";"1";"0";"0"
"971";"89";"SUTLIFF";"6";"0";"0"
"972";"85";"STANLEY";"488";"1";"0"
"973";"2";"10th ANNIVERSARY PIPESHOP.RU";"0";"1";"0"
"977";"17";"BRIGG";"6";"0";"0"
"978";"5";"DUNHILL";"65";"1";"0"
"979";"0";"GEIGER PIPES 7 DAY YGGDRASIL SET";"813";"0";"0"
"980";"288";"J & J ARTISAN PIPES (США)";"1";"1";"0"
"981";"15";"FLANDRIA";"488";"1";"0"
"984";"125";"BATSON, GRANT (США)";"1";"1";"0"
"985";"700";"ICARUS PIPES (США)";"724";"1";"0"
"986";"820";"NEPTUNE BRIARS (США)";"724";"1";"0"
"987";"25";"БЕРЕЖНОЙ АЛЕКСАНДР (Украина)";"1";"1";"0"
"988";"300";"VILLIGER";"102";"1";"0"
"989";"25";"Мундштуки для трубок &quot;Churchwarden&quot;";"454";"1";"0"
"990";"53";"DJARUM";"421";"0";"0"
"991";"0";"TUPITSYN FOR DEALERS";"584";"0";"0"
"992";"0";"DYOMIN FOR DEALERS";"584";"0";"0"
"993";"427";"PASCUCCI, MARIO (Италия)";"1";"1";"0"
"995";"0";"J. ALAN SEVEN DAY WAVE SET 2014";"631";"0";"0"
"996";"0";"KENT RASMUSSEN 7 DAY BUTTERFLY SET 2014";"954";"0";"0"
"1000";"7";"ПРОБНИКИ ТРУБОЧНЫХ ТАБАКОВ";"0";"1";"0"
"1001";"12";"GAWITH HOGGARTH & Co";"488";"1";"0"
"1002";"220";"GRAN APERTURA";"102";"1";"0"
"1003";"210";"EUFORIA";"102";"1";"0"
"1004";"795";"MOLINA (Италия)";"724";"1";"0"
"1005";"35";"Курительные трубки GBP`s Paul DAVIS 9mm";"381";"1";"0"
"1006";"3";"AMPHORA";"6";"1";"0"
"1007";"45";"COLTS";"421";"0";"0"
"1008";"0";"НОВОЕ";"729";"0";"0"
"1009";"0";"ТУПИЦЫН";"729";"0";"0"
"1010";"54";"КОЗЫРЕВ НИКОЛАЙ (Россия)";"1";"1";"0"
"1011";"0";"Фляги SILLEM`S";"725";"1";"0"
"1012";"0";"Ремонт зажигалок SILLEM`S";"725";"0";"0"
"1013";"23";"RONSON";"288";"1";"0"
"1014";"70";"WINDMILL";"288";"1";"0"
"1015";"0";"LASSE";"729";"0";"0"
"1016";"455";"PREVOST, PETE (США)";"1";"1";"0"
"1017";"0";"SER JACOPO";"729";"0";"0"
"1018";"0";"GRECHUKHIN MASTODON 7-DAY SET 2015";"584";"0";"0"
"1019";"50";"J. ALAN - GRECHUKHIN COCOBOLO 7-DAY SET 2015";"919";"0";"0"
"1020";"0";"L`ANantra";"729";"0";"0"
"1021";"0";"TAO";"729";"0";"0"
"1022";"0";"ANNE JULIE";"729";"0";"0"
"1023";"0";"ALTINAY";"729";"0";"0"
"1024";"0";"St. CLAUDE";"729";"0";"0"
"1025";"0";"S. BANG";"729";"0";"0"
"1026";"0";"BriarWorks";"729";"0";"0"
"1027";"0";"PETERSON";"729";"0";"0"
"1028";"0";"GENOD";"729";"0";"0"
"1029";"0";"PS Studio";"729";"0";"0"
"1030";"0";"RATTRAY`S";"729";"0";"0"
"1031";"0";"FORMER";"729";"0";"0"
"1035";"0";"GRIG";"729";"0";"0"
"1032";"41";"GOLD BLOCK";"6";"0";"0"
"1033";"79";"ST. BRUNO";"6";"0";"0"
"1034";"0";"ESTATE";"729";"0";"0"
"1036";"400";"BRIARWORKS (США)";"724";"1";"0"
"1037";"20";"Бриаровые заготовки курительных трубок";"248";"0";"0"
"1040";"50";"LOW COUNTRY";"6";"1";"0"
"1041";"43";"HERMIT CAPTAIN EARLE`S";"6";"1";"0"
"1038";"22";"CASTELLO";"6";"0";"0"
"1039";"93";"TOM ELTANG";"6";"1";"0"
"1042";"0";"GRECHUKHIN";"729";"0";"0"
"1043";"0";"J. ALAN";"729";"0";"0"
"1046";"35";"ГРИГОРЬЕВ АНДРЕЙ (Санкт-Петербург)";"1";"1";"0"
"1044";"0";"ROPP";"729";"0";"0"
"1045";"0";"REFBJERG";"729";"0";"0"
"1047";"260";"IMPERIOR";"102";"1";"0"
"1048";"270";"JUAN DE LA COSA";"102";"1";"0"
"1049";"59";"OGDEN`S OF LIVERPOOL";"6";"0";"0"
"1050";"65";"PLAYER`S";"6";"0";"0"
"1053";"14";"ASTLEYS";"6";"1";"0"
"1057";"0";"ПРОБНИКИ GAWITH HOGGARTH & Co";"372";"1";"0"
"1051";"53";"PUEBLO";"488";"1";"0"
"1055";"585";"VESTERHOLM, JON (Дания)";"1";"1";"0"
"1056";"3";"CLIPPER";"288";"0";"0"
"1052";"7";"RATTRAY`S";"65";"1";"0"
"1060";"275";"IAFISCO, DAVIDE (Италия)";"1";"1";"0"
"1061";"19";"BRIARWORKS";"6";"1";"0"
"1062";"10";"KIRIBI";"288";"1";"0"
"1063";"45";"Сумки и аксессуары для самокруток";"487";"1";"0"
"1064";"0";"ПРОБНИКИ STANISLAW";"265";"1";"0"
"1065";"780";"MEERSCHAUM (Турция)";"724";"0";"0"
"1066";"360";"MARLENE MICKE (Дания)";"1";"0";"0"
"1067";"32";"ГРЕЧУХИН DESIGN (Санкт-Петербург)";"1";"1";"0"
"1069";"0";"PRIVATE COLLECTION";"0";"0";"0"
"1073";"910";"ROPP (Франция)";"724";"1";"0"
"1072";"0";"SOLD OUT";"1069";"1";"0"
"1074";"365";"MASTRO DE PAJA (Италия)";"1";"1";"0"
"1075";"55";"НЕПОКОЙЧИЦКИЙ АЛЕКСАНДР (Россия)";"1";"0";"0"
"1076";"620";"GRIG (Санкт-Петербург)";"724";"1";"0"
"1077";"8";"CAPTAIN BLACK";"488";"1";"0"
"1078";"0";"ПРОБНИКИ CASTLE COLLECTION";"405";"1";"0"
"1079";"87";"THE TURNER";"488";"1";"0"
"1080";"705";"JEANTET (Франция)";"724";"0";"0"
"1081";"980";"St. CLAUDE (Франция)";"724";"1";"0"
"1082";"7";"AMERICAN SPIRIT";"488";"1";"0"
"1083";"57";"RED FIELD";"488";"1";"0"
"1084";"17";"Курительные трубки LORENZETTI 80 ANNIVERSARY 9mm";"21";"1";"0"
"1086";"3";"МАХОРКА";"488";"1";"0"
"1087";"54";"MAVERICK";"6";"1";"0"
"1089";"22";"RATTRAY`S";"288";"1";"0"
"1090";"25";"LOOK OUT";"488";"1";"0"
"1091";"34";"EASTWOOD";"6";"1";"0"
"1092";"0";"АРХИВ PETERSON";"231";"0";"0"
"1093";"520";"ELTANG BASIC (Дания)";"724";"1";"0"
"1094";"1";"15th ANNIVERSARY PIPESHOP.RU";"0";"1";"0"
"1095";"25";"Табаки трубочные винтажные";"0";"0";"0"
"1096";"160";"BO NORDH TRIBUTE";"1";"1";"0"
"1098";"367";"MASTRO GEPPETTO (Италия)";"1";"1";"0"
"1102";"0";"АРХИВ REFBJERG (Дания)";"374";"0";"0"
"1103";"35";"ERIK STOKKEBYE 4th GENERATION";"6";"1";"0"
"1105";"13";"HASPEK";"488";"1";"0"
"1106";"100";"WALTER RALEIGH";"488";"1";"0"
"1107";"0";"TAO for DEALERS";"536";"0";"0"
"1108";"925";"SALVATELLA (Испания)";"724";"1";"0"
